Return Period Years,Wind Speed
1.5,105.97219015274422
5.0,118.07698517623909
10.0,120.91837173214299
20.0,122.70852857041324
50.0,124.16144320666825
100.0,124.84158160492721
