Return_Period,GEV,Gumbel,Weibull,Exponential,Pareto
1.5,105.97219015274422,Invalid,Invalid,11.450637480385666,89.20444322228633
5.0,118.07698517623909,12.248136571616437,Invalid,31.119203491543917,132.88507624642173
10.0,120.91837173214299,12.248136571616437,Invalid,31.119203491543917,167.15787600529313
20.0,122.70852857041324,12.248136571616437,Invalid,31.119203491543917,210.27007922835384
50.0,124.16144320666825,12.248136571616437,Invalid,31.119203491543917,284.77932177119584
100.0,124.84158160492721,12.248136571616437,Invalid,31.119203491543917,358.22763475129403
